<?xml version="1.0" encoding="UTF-8"?>
<project-private xmlns="http://www.netbeans.org/ns/project-private/1">
    <editor-bookmarks xmlns="http://www.netbeans.org/ns/editor-bookmarks/2" lastBookmarkId="0"/>
    <open-files xmlns="http://www.netbeans.org/ns/projectui-open-files/2">
        <group>
            <file>file:/D:/RPL/Knapsack01-main/Knapsack01-main/src/Tampilan/MenuUtama.java</file>
            <file>file:/D:/RPL/Knapsack01-main/Knapsack01-main/src/Tampilan/PilihBarang.java</file>
            <file>file:/D:/RPL/Knapsack01-main/Knapsack01-main/src/mydb/MyDB.java</file>
            <file>file:/D:/RPL/Knapsack01-main/Knapsack01-main/src/Tampilan/EditDataBarang.java</file>
        </group>
    </open-files>
</project-private>
